Images,Image Path,Description
,downloaded_images/2024-10-02 17:52:37.010322818+00:00.jpg,"DESCRIPTION: The image shows a beautiful landscape with a clear blue sky and a body of water in the background. On the right side of the image, there is a sandy beach with a few trees and shrubs scattered around. In the foreground, there are two solar panels mounted on a wooden structure. The sky is clear and blue, and the water is calm and still. The image appears to be taken from a high vantage point, looking down on the beach and the surrounding landscape. LABELS: a sandy beach, two solar panels, The sky, the water"
,downloaded_images/2024-10-14 10:39:06.909252721+00:00.jpg,"DESCRIPTION: The image is a black and white photograph of a hill at night. The hill appears to be barren and barren, with no vegetation or vegetation visible. The sky is dark and the horizon is visible in the distance. On the left side of the image, there is a large cloud of smoke or fog, which is partially obscured by the smoke. In the center of the hill, there are several small lights scattered across the landscape. The image is taken from a low angle, looking up at the hill. LABELS: The sky, a large cloud, several small lights"
,downloaded_images/2024-10-10 11:26:22.751843146+00:00.jpg,"DESCRIPTION: The image is a black and white photograph of a landscape. The photograph is taken from a high vantage point, looking down on a dirt road that winds through the landscape. On the right side of the image, there is a body of water, possibly a lake or a river. The sky is overcast and the landscape is covered in trees and shrubs. In the foreground, there are two solar panels on the roof of a building. The image appears to be taken from above, giving a bird's eye view of the scene. LABELS: The photograph, a body, The sky, two solar panels"
,downloaded_images/2024-10-14 23:53:28.013434958+00:00.jpg,"DESCRIPTION: The image is a black and white photograph of a rural landscape. The sky is overcast and the horizon is visible in the distance. The landscape is covered in tall grass and shrubs, and there is a dirt road winding through the center of the image. On the left side of the road, there are trees and bushes, and on the right side, there is an open field with a small building with a solar panel on top. The building appears to be a small structure with a sloping roof. The image is taken from a high vantage point, looking down on the landscape. LABELS: The sky, The landscape, a dirt road, trees, an open field, The building"
,downloaded_images/2024-10-12 17:13:22.726464977+00:00.jpg,"DESCRIPTION: The image shows an aerial view of a rural area with a river running through it. The river is on the right side of the image and the water is visible on the left side. The sky is blue and there are a few clouds scattered across it. In the foreground, there is a small wooden structure with two solar panels on top. The structure appears to be a small building or structure with a sloping roof. There are trees and bushes surrounding the structure, and a few people can be seen walking along the riverbank. The overall scene is peaceful and serene. LABELS: The river, The sky, a small wooden structure, The structure, trees, The overall scene"
,downloaded_images/2024-10-10 20:26:07.796187440+00:00.jpg,"DESCRIPTION: The image shows an aerial view of a rural area with a river running through it. The river is on the right side of the image and the water is visible on the left side. The sky is blue and clear. In the foreground, there is a grassy field with trees and shrubs. On the ground, there are two solar panels mounted on a wooden structure. The solar panels are facing the river and appear to be new and unused. The image is taken from a high vantage point, looking down on the river. LABELS: The river, The sky, a grassy field, two solar panels, The solar panels"
,downloaded_images/2024-10-17 20:53:25.027333702+00:00.jpg,"DESCRIPTION: The image shows a beautiful landscape with a clear blue sky and a body of water in the background. The water is calm and the horizon is visible on the right side of the image. On the left side, there is a sandy beach with a few trees and shrubs scattered around. In the foreground, there are two solar panels on a wooden deck overlooking the beach. The sky is clear and blue, and the overall scene is peaceful and serene. LABELS: The water, a sandy beach, two solar panels, The sky"
,downloaded_images/2024-10-10 06:39:06.956528042+00:00.jpg,"DESCRIPTION: The image is a black and white photograph of a night sky. The sky is filled with stars and the horizon is visible in the distance. The photograph appears to be taken from a low angle, looking up at the horizon. In the center of the image, there is a line of trees that are silhouetted against the dark sky. On the right side of the photograph, there are a few small lights that appear to be shining brightly. The trees are arranged in a way that creates a sense of depth and dimension. The overall mood of the photo is peaceful and serene. LABELS: The sky, a line, few small lights"
,downloaded_images/2024-10-12 00:26:06.716986090+00:00.jpg,"DESCRIPTION: The image is a black and white photograph of a long, winding road at night. The road appears to be in the middle of a rural area, with fields on either side. The sky is dark and cloudy, and the horizon is visible in the distance. On the right side of the image, there are trees and shrubs, and on the left side, there is a small building with a sloping roof. The image is taken from a high vantage point, looking down on the road and the surrounding landscape. LABELS: The road, The sky, trees, a small building"
,downloaded_images/2024-10-25 22:39:05.817800933+00:00.jpg,"DESCRIPTION: The image shows an aerial view of a rural area with a river running through it. The river is surrounded by trees and shrubs, and there is a small bridge crossing over the river. The sky is blue and the sun is shining brightly, casting a warm glow over the scene. In the foreground, there are two solar panels mounted on the side of the riverbank. The overall mood of the image is peaceful and serene. LABELS: The river, a small bridge crossing, The sky, two solar panels"
,downloaded_images/2024-10-16 20:13:38.052238492+00:00.jpg,"DESCRIPTION: The image shows a beautiful landscape with a clear blue sky and a body of water in the background. The water is calm and the horizon is visible on the right side of the image. On the left side, there is a sandy beach with a few trees and shrubs scattered around. In the foreground, there are two solar panels mounted on a wooden structure, which appears to be a solar panel. The image is taken from a high vantage point, looking down on the beach and the surrounding landscape. LABELS: clear blue sky, water, The water, a sandy beach, two solar panels"
,downloaded_images/2024-10-13 12:26:24.311944768+00:00.jpg,"DESCRIPTION: The image shows an aerial view of a rural area with a river running through it. The river is surrounded by trees and shrubs, and there is a small building with solar panels on top of it. On the right side of the image, there are a few people walking along the riverbank. The sky is blue and the sun is shining brightly, creating a warm glow on the scene. The overall atmosphere is peaceful and serene. LABELS: The river, a small building, The sky"
,downloaded_images/2024-10-10 04:00:10.892891564+00:00.jpg,"DESCRIPTION: The image is a black and white photograph of a night sky. The sky is filled with stars and the horizon is visible in the distance. In the center of the image, there is a body of water that appears to be calm and still. On the left side of the water, there are a few trees silhouetted against the night sky, and on the right side, there appears to have a few buildings or structures. The image is taken from a low angle, looking up at the water and the sky. LABELS: The sky, a body, a few trees"
,downloaded_images/2024-10-16 02:26:37.862797416+00:00.jpg,"DESCRIPTION: The image is a black and white photograph of a rural landscape at night. The sky is dark and the horizon is visible in the distance. The landscape is covered in grass and shrubs, and there is a dirt road winding through the center of the image. On the left side of the road, there are trees and bushes, and on the right side, there is an open field with a few buildings visible. In the foreground, there appears to be a small building with a solar panel on top. The image is taken from a high vantage point, looking down on the road and the surrounding landscape. LABELS: The sky, The landscape, a dirt road, trees, an open field, In the foreground, there appears to be a small building with a solar panel on top"
,downloaded_images/2024-10-01 16:26:48.934885384+00:00.jpg,"DESCRIPTION: The image shows a beautiful landscape with a clear blue sky and a body of water in the background. On the left side of the image, there is a grassy field with trees and shrubs scattered throughout. In the foreground, there are two solar panels on a wooden structure, which appears to be a shelter or a shelter for solar panels. The panels are arranged in a triangular formation, with the largest panel on the left and the smallest on the right. The water is calm and reflects the sky above. The overall scene is peaceful and serene, with a sense of natural beauty and serenity. LABELS: a grassy field, two solar panels, The panels, The water, The overall scene"
,downloaded_images/2024-10-17 17:26:44.690777465+00:00.jpg,"DESCRIPTION: The image shows an aerial view of a rural area with a river running through it. The river is surrounded by green fields and trees on both sides. On the right side of the image, there is a sandy beach with a few cars parked along the shore. In the foreground, there are two solar panels mounted on the roof of a building. The sky is blue and the weather appears to be clear and sunny. The image is taken from a high vantage point, looking down on the river and the surrounding landscape. LABELS: The river, a sandy beach, two solar panels, The sky"
,downloaded_images/2024-10-15 19:13:39.196349882+00:00.jpg,"DESCRIPTION: The image shows a beautiful landscape with a river running through it. The river is surrounded by green fields and trees on both sides. The sky is blue with white clouds scattered across it. In the foreground, there are two solar panels mounted on a wooden structure. The panels are facing towards the right side of the image. The ground is covered in tall grass and shrubs. The overall scene is peaceful and serene. LABELS: The river, The sky, two solar panels, The panels, The ground, The overall scene"
,downloaded_images/2024-10-28 22:19:09.378464722+00:00.jpg,"DESCRIPTION: The image shows an aerial view of a rural area with a river running through it. The river is on the right side of the image and the water is visible on the left side. The sky is blue with some clouds and the sun is shining brightly. In the foreground, there is a grassy field with trees and shrubs. On the ground, there are two solar panels mounted on a wooden structure. The solar panels are facing the river and appear to be new and unused. The image is taken from a high vantage point, looking down on the river. LABELS: The river, The sky, a grassy field, two solar panels, The solar panels"
,downloaded_images/2024-11-08 03:39:31.181105533+00:00.jpg,"DESCRIPTION: The image is a black and white photograph of a night sky. The sky is filled with stars and the horizon is visible in the distance. The photograph appears to be taken from a low angle, looking up at the horizon. In the foreground, there is a hill with a few trees scattered across it. The trees are silhouetted against the dark sky, and there are a few small lights visible on the hill. The overall mood of the image is peaceful and serene. LABELS: The sky, The photograph, a hill, The trees"
,downloaded_images/2024-10-16 07:13:16.056280622+00:00.jpg,"DESCRIPTION: The image is a black and white photograph of a rural landscape at night. The sky is dark and the horizon is visible in the distance. The photo is taken from a high vantage point, looking down on a dirt road that winds through the landscape. On the right side of the image, there is a grassy field with trees and shrubs on both sides. In the foreground, there are two solar panels on the ground, one on top of the other. The solar panels appear to be new and unused, with no visible signs of wear or damage. The road is winding through the field, and there are a few small buildings and structures scattered along the sides. LABELS: The sky, The photo, a grassy field, two solar panels, The solar panels, The road, a few small buildings"
,downloaded_images/2024-10-11 00:52:48.069476031+00:00.jpg,"DESCRIPTION: The image is a black and white photograph of a landscape at night. The sky is dark and the horizon is visible in the distance. The photo appears to be taken from a high vantage point, looking down on a dirt road that runs through the center of the image. On either side of the road, there are trees and shrubs, and on the left side, there is a small building with a sloping roof. In the distance, there appears to have a few lights or buildings scattered around. The overall mood of the photo is peaceful and serene. LABELS: The sky, trees, a small building, In the distance, there appears to have a few lights or buildings scattered around"
,downloaded_images/2024-10-06 02:39:07.215830350+00:00.jpg,"DESCRIPTION: The image is a black and white photograph of a night sky. The sky is dark and the horizon is visible in the distance. The photograph appears to be taken from a low angle, looking up at the horizon. In the center of the image, there is a hill with a few trees and bushes scattered across it. The hill is covered in a layer of fog or mist, and there are a few small lights visible on the right side of the hill. The image is taken from above, giving a sense of depth and perspective. LABELS: The sky, The photograph, The hill, few small lights"
,downloaded_images/2024-10-15 00:13:59.472116233+00:00.jpg,"DESCRIPTION: The image is a black and white photograph of a landscape at night. The sky is dark and the horizon is visible in the distance. The photo appears to be taken from a high vantage point, looking down on a dirt road that runs through the center of the image. On the left side of the road, there are trees and shrubs, and on the right side, there is a small building with a triangular roof. The building is partially obscured by the trees, and there are a few lights visible on the horizon. The overall mood of the photo is peaceful and serene. LABELS: The sky, The photo, trees, a small building, The building, few lights"
,downloaded_images/2024-10-15 21:26:32.479301088+00:00.jpg,"DESCRIPTION: The image shows a beautiful landscape with a clear blue sky and a body of water in the background. The water is calm and the horizon is visible on the right side of the image. On the left side, there is a grassy field with trees and shrubs. In the foreground, there are two solar panels on a wooden deck overlooking the water. The sky is dotted with white clouds. The image appears to be taken from a high vantage point, looking down on the landscape. LABELS: The water, a grassy field, two solar panels, The sky"
,downloaded_images/2024-10-10 22:26:09.439123368+00:00.jpg,"DESCRIPTION: The image shows an aerial view of a rural area with a river running through it. The river is surrounded by trees and shrubs, and there is a small wooden structure with solar panels on top of it. On the right side of the image, there are a few cars parked along the riverbank. The sky is blue and clear, and the sun is shining brightly, casting a warm glow over the scene. The overall atmosphere is peaceful and serene. LABELS: The river, a small wooden structure, a few cars, The sky"
